<ImportExportXml version="8.2.0002.0112" SolutionPackageVersion="8.2" languagecode="1033" generatedBy="OnPremise" xmlns:xsi="http://www.w3.org/2001/XMLSchema-instance">
  <SolutionManifest>
    <UniqueName>ExtendingMOC</UniqueName>
    <LocalizedNames>
      <LocalizedName description="Extending MOC" languagecode="1033" />
    </LocalizedNames>
    <Descriptions />
    <Version>1.0.0.0</Version>
    <Managed>0</Managed>
    <Publisher>
      <UniqueName>moc</UniqueName>
      <LocalizedNames>
        <LocalizedName description="MOC" languagecode="1033" />
      </LocalizedNames>
      <Descriptions />
      <EMailAddress xsi:nil="true"></EMailAddress>
      <SupportingWebsiteUrl xsi:nil="true"></SupportingWebsiteUrl>
      <CustomizationPrefix>moc</CustomizationPrefix>
      <CustomizationOptionValuePrefix>18077</CustomizationOptionValuePrefix>
      <Addresses>
        <Address>
          <AddressNumber>1</AddressNumber>
          <AddressTypeCode>1</AddressTypeCode>
          <City xsi:nil="true"></City>
          <County xsi:nil="true"></County>
          <Country xsi:nil="true"></Country>
          <Fax xsi:nil="true"></Fax>
          <FreightTermsCode xsi:nil="true"></FreightTermsCode>
          <ImportSequenceNumber xsi:nil="true"></ImportSequenceNumber>
          <Latitude xsi:nil="true"></Latitude>
          <Line1 xsi:nil="true"></Line1>
          <Line2 xsi:nil="true"></Line2>
          <Line3 xsi:nil="true"></Line3>
          <Longitude xsi:nil="true"></Longitude>
          <Name xsi:nil="true"></Name>
          <PostalCode xsi:nil="true"></PostalCode>
          <PostOfficeBox xsi:nil="true"></PostOfficeBox>
          <PrimaryContactName xsi:nil="true"></PrimaryContactName>
          <ShippingMethodCode>1</ShippingMethodCode>
          <StateOrProvince xsi:nil="true"></StateOrProvince>
          <Telephone1 xsi:nil="true"></Telephone1>
          <Telephone2 xsi:nil="true"></Telephone2>
          <Telephone3 xsi:nil="true"></Telephone3>
          <TimeZoneRuleVersionNumber xsi:nil="true"></TimeZoneRuleVersionNumber>
          <UPSZone xsi:nil="true"></UPSZone>
          <UTCOffset xsi:nil="true"></UTCOffset>
          <UTCConversionTimeZoneCode xsi:nil="true"></UTCConversionTimeZoneCode>
        </Address>
        <Address>
          <AddressNumber>2</AddressNumber>
          <AddressTypeCode>1</AddressTypeCode>
          <City xsi:nil="true"></City>
          <County xsi:nil="true"></County>
          <Country xsi:nil="true"></Country>
          <Fax xsi:nil="true"></Fax>
          <FreightTermsCode xsi:nil="true"></FreightTermsCode>
          <ImportSequenceNumber xsi:nil="true"></ImportSequenceNumber>
          <Latitude xsi:nil="true"></Latitude>
          <Line1 xsi:nil="true"></Line1>
          <Line2 xsi:nil="true"></Line2>
          <Line3 xsi:nil="true"></Line3>
          <Longitude xsi:nil="true"></Longitude>
          <Name xsi:nil="true"></Name>
          <PostalCode xsi:nil="true"></PostalCode>
          <PostOfficeBox xsi:nil="true"></PostOfficeBox>
          <PrimaryContactName xsi:nil="true"></PrimaryContactName>
          <ShippingMethodCode>1</ShippingMethodCode>
          <StateOrProvince xsi:nil="true"></StateOrProvince>
          <Telephone1 xsi:nil="true"></Telephone1>
          <Telephone2 xsi:nil="true"></Telephone2>
          <Telephone3 xsi:nil="true"></Telephone3>
          <TimeZoneRuleVersionNumber xsi:nil="true"></TimeZoneRuleVersionNumber>
          <UPSZone xsi:nil="true"></UPSZone>
          <UTCOffset xsi:nil="true"></UTCOffset>
          <UTCConversionTimeZoneCode xsi:nil="true"></UTCConversionTimeZoneCode>
        </Address>
      </Addresses>
    </Publisher>
    <RootComponents>
      <RootComponent type="1" schemaName="account" behavior="1" />
      <RootComponent type="1" schemaName="awcnpd_feedback" behavior="0" />
      <RootComponent type="1" schemaName="awcnpd_idea" behavior="0" />
      <RootComponent type="1" schemaName="awcnpd_prototype" behavior="0" />
      <RootComponent type="1" schemaName="moc_eventlisting" behavior="0" />
      <RootComponent type="9" schemaName="awcnpd_rating" behavior="0" />
      <RootComponent type="60" id="{8448b78f-8f42-454e-8e2a-f8196b0419af}" />
      <RootComponent type="61" schemaName="moc_ShowHideVendor" behavior="0" />
      <RootComponent type="62" behavior="0" />
      <RootComponent type="70" id="{c38702a0-32d7-e811-b2ca-00155d018000}" behavior="0" />
      <RootComponent type="70" id="{fb19f363-33d7-e811-b2ca-00155d018000}" behavior="0" />
      <RootComponent type="91" schemaName="CRMAutoNumberPackage.AutoNumber, Version=1.3.0.0, Culture=neutral, PublicKeyToken=ee93d3691c044779" behavior="0" />
      <RootComponent type="91" schemaName="CrmLeadPackage2.RouteLead, Version=1.3.0.0, Culture=neutral, PublicKeyToken=a625c291e97c888f" behavior="0" />
      <RootComponent type="92" id="{dd32fc0c-c9da-e811-b2d3-00155d018000}" behavior="0" />
    </RootComponents>
    <MissingDependencies>
      <MissingDependency>
        <Required key="0" type="1" schemaName="msdyn_postruleconfig" displayName="Post Rule Configuration" solution="ActivityFeedsCore (8.2.0.0)" />
        <Dependent key="1" type="62" />
      </MissingDependency>
      <MissingDependency>
        <Required key="2" type="1" schemaName="msdyn_postconfig" displayName="Post Configuration" solution="ActivityFeedsCore (8.2.0.0)" />
        <Dependent key="1" type="62" />
      </MissingDependency>
      <MissingDependency>
        <Required key="3" type="61" schemaName="msdyn_/PersonalWall.htm" displayName="msdyn_/PersonalWall.htm" solution="ActivityFeedsCore (8.2.0.0)" />
        <Dependent key="1" type="62" />
      </MissingDependency>
      <MissingDependency>
        <Required key="4" type="61" schemaName="msdyn_/Images/Wall_16.png" displayName="msdyn_/Images/Wall_16.png" solution="ActivityFeedsCore (8.2.0.0)" />
        <Dependent key="1" type="62" />
      </MissingDependency>
    </MissingDependencies>
  </SolutionManifest>
</ImportExportXml>